listing_type,id,name,author,author_alias,attribution_link,project_key,project_name,total_downloads,2026_03_11,2026_03_12,2026_03_13,2026_03_14,2026_03_15,2026_03_16,2026_03_17,2026_03_18,2026_03_19,2026_03_20,2026_03_21,2026_03_22,2026_03_23,2026_03_24,2026_03_25,2026_03_26,2026_03_27,2026_03_28,2026_03_29,2026_03_30,2026_03_31,2026_04_01,2026_04_02,2026_04_03,2026_04_04,2026_04_05,2026_04_06
mod,advanced-analytics,Advanced Analytics,stefanorigano,stefanorigano,https://github.com/stefanorigano,stefanorigano/advanced_analytics,advanced_analytics,2229,233,42,63,55,34,41,66,34,32,47,43,40,44,33,47,39,61,65,97,142,157,164,91,84,91,135,249
mod,valdotoriums-trains,Valdotoriums S-Bahn and Trams,Valdotorium,Valdotorium,https://github.com/Valdotorium,valdotorium/valdotoriums_trains,Valdotoriums_Trains,1700,0,0,0,0,2,16,19,13,7,29,24,23,35,37,45,70,92,91,107,145,121,110,119,111,129,157,198
mod,citymapper,Citymapper,Gio1112,giorgiodabest,https://giorgio.is-a.dev/,gio1112/subway-builder-citymapper,subway-builder-citymapper,973,0,0,0,0,0,9,15,14,6,19,29,25,22,32,16,31,44,50,49,69,68,67,61,56,83,104,104
map,toronto,Toronto,devenperez,devenperez,https://github.com/devenperez,devenperez/subway-builder-canadian-maps,subway-builder-canadian-maps,758,297,10,19,0,31,4,11,22,14,21,25,15,20,13,16,14,19,18,16,32,30,14,16,14,21,31,15
mod,danield1909-dantrains,"danTrains (v1.* ""Phoenix"")",DanielD1909,DanielD1909,https://github.com/DanielD1909,danield1909/dantrains,danTrains,732,0,0,0,9,27,23,29,35,31,30,24,28,25,18,22,31,56,31,38,50,47,38,19,34,14,34,39
mod,subwaybuilder-regions,Regions,ahkimn,Yukina-,https://subwaybuildermodded.com/credits,ahkimn/subwaybuilder-regions,subwaybuilder-regions,698,103,20,24,16,12,13,16,7,15,18,14,17,13,10,22,12,16,18,17,35,22,26,18,19,21,91,83
mod,distance-circles,Station Catchment Viewer,crumpetime,muffintime,https://github.com/crumpetime,crumpetime/subway_builder_distance_circles,subway_builder_distance_circles,658,0,0,0,6,34,20,27,16,12,25,30,30,30,15,24,20,19,23,39,55,39,36,22,24,35,38,39
map,montreal,Montreal,devenperez,devenperez,https://github.com/devenperez,devenperez/subway-builder-canadian-maps,subway-builder-canadian-maps,535,227,9,15,0,24,4,8,13,9,11,14,7,10,14,15,9,6,9,8,25,21,10,13,10,8,22,14
mod,transit-overlay,Transit Overlay,BarKuperman,BarKuperman,https://github.com/BarKuperman,barkuperman/transit-overlay-subway-builder-mod,transit-overlay-subway-builder-mod,528,88,13,28,17,14,7,18,6,13,25,24,10,11,11,14,8,14,14,14,35,23,18,21,19,21,27,15
map,mfn-hong-kong,Hong Kong,crumpetime,muffintime,https://github.com/crumpetime,crumpetime/sb-maps-hkg,sb-maps-hkg,457,74,9,24,21,7,3,4,10,8,9,19,15,12,7,11,12,21,11,19,26,20,0,6,18,18,50,23
map,vancouver,Vancouver,devenperez,devenperez,https://github.com/devenperez,devenperez/subway-builder-canadian-maps,subway-builder-canadian-maps,446,180,8,7,0,18,1,3,5,9,13,13,11,8,9,15,4,6,9,10,25,16,7,20,10,8,17,14
mod,cinematic-camera,Cinematic Camera,TransitCore,TransitCore,https://github.com/TransitCore,transitcore/cinematic-camera,cinematic-camera,405,0,0,0,0,0,0,0,0,2,6,4,1,10,13,24,7,20,15,14,26,27,31,34,33,34,47,57
map,yukina-osaka,大阪 (Ōsaka),ahkimn,Yukina-,https://subwaybuildermodded.com/credits,ahkimn/subwaybuilder-jp-maps,subwaybuilder-jp-maps,405,0,0,0,0,0,0,0,0,0,0,0,0,1,15,8,21,46,37,35,46,31,29,21,28,19,40,28
map,yukina-kyoto,京都 (Kyōto),ahkimn,Yukina-,https://subwaybuildermodded.com/credits,ahkimn/subwaybuilder-jp-maps,subwaybuilder-jp-maps,394,73,10,7,11,14,14,5,6,5,12,11,8,9,6,9,11,9,6,13,35,15,15,19,13,12,27,19
mod,any-money,anyMoney,nzh0172,naz,https://github.com/nzh0172,nzh0172/sb-anymoney,sb-anymoney,389,0,0,0,0,0,0,0,0,1,11,12,4,15,15,11,17,33,29,30,35,45,21,27,19,17,28,19
map,greater-los-angeles,Greater Los Angeles,rslurry,slurry,https://github.com/rslurry,rslurry/subwaybuilder-maps,subwaybuilder-maps,386,0,0,0,10,19,12,19,3,9,24,11,8,13,12,13,16,18,17,27,26,16,12,18,23,17,27,16
map,zurich,Zurich,Kronifer,Kronifer,https://github.com/Kronifer,kronifer/sb-zurich-map,sb-zurich-map,380,102,9,9,9,5,5,4,7,5,0,11,7,8,4,7,14,15,11,17,26,23,0,4,12,6,48,12
map,amsterdam,Amsterdam,ryandicicco,ryandicicco,https://github.com/ryandicicco,ryandicicco/subway-builder-maps,Subway-Builder-Maps,376,63,8,14,14,16,3,4,7,5,13,10,1,11,5,8,7,10,6,12,44,21,18,14,12,14,24,12
map,berlin-val,Berlin,Valdotorium,Valdotorium,https://github.com/Valdotorium,valdotorium/railyard-maps-2,Railyard-Maps-2,303,0,0,0,0,0,0,8,14,11,9,10,4,8,3,6,13,14,16,17,35,24,18,12,15,24,25,17
map,glasgow-edinburgh,Glasgow-Edinburgh,Kronifer,Kronifer,https://github.com/Kronifer,kronifer/sb-glasgow-edinburgh-map,sb-glasgow-edinburgh-map,282,0,0,0,0,0,0,0,0,0,0,0,0,0,0,0,1,63,38,38,21,29,16,8,21,14,22,11
map,dublin,Dublin,Kronifer,Kronifer,https://github.com/Kronifer,kronifer/sb-dublin-map,sb-dublin-map,273,91,8,14,15,6,2,2,3,7,3,8,6,10,4,7,10,11,11,10,11,20,0,0,7,6,0,1
mod,simple-trains,Simple Trains,Bobby-047,Bobby-047,https://github.com/Bobby-047,bobby-047/some-new-trains,Some-new-Trains,265,0,0,0,0,0,0,0,0,0,0,0,0,0,0,0,0,0,0,0,0,0,0,0,15,54,96,100
map,sydney,Sydney,WillBarouch,WillBarouch,https://github.com/WillBarouch,willbarouch/subwaybuilder-sydney,subwaybuilder-sydney,261,0,0,0,0,0,0,0,0,0,0,0,5,21,11,10,20,21,20,17,30,15,4,21,13,8,33,12
map,singapore-val,Singapore,Valdotorium,Valdotorium,https://github.com/Valdotorium,valdotorium/railyard-maps-2,Railyard-Maps-2,260,0,0,0,0,0,0,7,8,9,10,11,8,6,10,8,7,18,14,14,24,16,16,11,11,12,28,12
map,ottawa,Ottawa,devenperez,devenperez,https://github.com/devenperez,devenperez/subway-builder-canadian-maps,subway-builder-canadian-maps,249,122,8,3,0,16,0,3,2,5,1,6,2,6,3,5,2,2,4,3,8,8,8,6,5,2,15,4
map,calgary,Calgary,devenperez,devenperez,https://github.com/devenperez,devenperez/subway-builder-canadian-maps,subway-builder-canadian-maps,234,128,6,2,0,16,0,0,3,2,0,2,3,6,3,7,2,2,2,3,11,6,2,5,3,6,10,4
map,yukina-fukuoka,福岡 (Fukuoka),ahkimn,Yukina-,https://subwaybuildermodded.com/credits,ahkimn/subwaybuilder-jp-maps,subwaybuilder-jp-maps,224,43,6,4,3,11,9,2,5,3,5,7,1,4,8,7,4,4,4,6,29,8,6,5,7,8,19,6
map,los-angeles-county,Los Angeles County,rslurry,slurry,https://github.com/rslurry,rslurry/subwaybuilder-maps,subwaybuilder-maps,217,0,0,0,0,20,4,11,6,8,9,7,7,8,3,5,6,9,8,11,26,11,8,13,6,9,17,5
map,edmonton,Edmonton,devenperez,devenperez,https://github.com/devenperez,devenperez/subway-builder-canadian-maps,subway-builder-canadian-maps,205,112,5,3,0,13,2,0,3,2,0,0,2,5,4,5,2,2,2,1,10,2,4,5,5,2,9,5
map,milan,Milan,Maximilian284,max02,https://github.com/Maximilian284,maximilian284/subwaybuilder-it-maps,subwaybuilder-it-maps,202,0,0,0,0,0,0,0,70,3,2,2,0,6,3,4,10,9,6,4,20,19,11,5,5,9,14,0
map,quebec-city,Quebec City,devenperez,devenperez,https://github.com/devenperez,devenperez/subway-builder-canadian-maps,subway-builder-canadian-maps,199,106,4,5,0,13,0,1,3,2,0,0,0,3,5,5,3,0,5,2,7,5,4,5,2,3,11,5
map,yukina-hiroshima-kure,広島 (Hiroshima),ahkimn,Yukina-,https://subwaybuildermodded.com/credits,ahkimn/subwaybuilder-jp-maps,subwaybuilder-jp-maps,196,31,6,4,5,10,5,3,5,3,2,3,2,4,6,8,5,6,3,3,16,9,0,3,3,4,28,19
map,yukina-sapporo-chitose,札幌 (Sapporo),ahkimn,Yukina-,https://subwaybuildermodded.com/credits,ahkimn/subwaybuilder-jp-maps,subwaybuilder-jp-maps,194,40,8,7,6,11,12,3,4,3,0,3,2,4,6,5,3,6,3,5,17,7,0,6,5,6,17,5
map,rome,Rome,Maximilian284,max02,https://github.com/Maximilian284,maximilian284/subwaybuilder-it-maps,subwaybuilder-it-maps,191,27,6,4,8,7,2,0,3,3,5,6,2,6,3,4,12,6,3,7,14,14,12,4,10,6,13,4
map,barcelona,Barcelona,Maximilian284,max02,https://github.com/Maximilian284,maximilian284/subwaybuilder-es-maps,subwaybuilder-es-maps,186,0,0,0,0,0,0,0,0,0,0,0,0,0,0,0,0,0,0,0,0,0,44,40,25,29,34,14
map,winnipeg,Winnipeg,devenperez,devenperez,https://github.com/devenperez,devenperez/subway-builder-canadian-maps,subway-builder-canadian-maps,177,106,4,2,0,8,0,0,3,3,0,2,3,5,2,2,5,2,0,1,5,3,1,4,3,2,10,1
map,yukina-okinawa,沖縄 (Okinawa),ahkimn,Yukina-,https://subwaybuildermodded.com/credits,ahkimn/subwaybuilder-jp-maps,subwaybuilder-jp-maps,163,36,5,7,3,10,1,2,3,2,0,1,3,3,5,4,3,2,4,11,15,5,6,7,2,6,17,0
map,madrid,Madrid,Maximilian284,max02,https://github.com/Maximilian284,maximilian284/subwaybuilder-es-maps,subwaybuilder-es-maps,160,0,0,0,0,0,0,0,0,0,0,0,0,0,0,0,0,0,0,0,0,0,42,29,25,36,19,9
map,yukina-kobe-akashi,神戸 (Kōbe),ahkimn,Yukina-,https://subwaybuildermodded.com/credits,ahkimn/subwaybuilder-jp-maps,subwaybuilder-jp-maps,151,32,3,4,4,10,4,3,5,2,2,4,0,2,2,4,2,3,5,7,11,6,0,7,4,7,15,3
mod,network-status,Network Status,Valdotorium,Valdotorium,https://github.com/Valdotorium,valdotorium/network-status,network-status,143,0,0,0,0,0,0,0,0,0,0,0,0,0,0,0,0,0,0,0,0,0,0,0,0,0,40,103
map,tel-aviv,Tel Aviv,BarKuperman,BarKuperman,https://github.com/BarKuperman,barkuperman/tlv-mod,TLV-mod,143,43,3,6,7,1,0,2,3,4,0,5,2,6,0,6,5,3,1,2,13,3,0,0,0,0,24,4
map,baltimore-dc-corridor,Baltimore-DC Corridor,rslurry,slurry,https://github.com/rslurry,rslurry/subwaybuilder-maps,subwaybuilder-maps,138,0,0,0,0,0,0,0,0,0,0,6,2,11,4,2,10,9,4,2,24,6,7,13,11,8,19,0
map,puerto-rico,Puerto Rico,rslurry,slurry,https://github.com/rslurry,rslurry/subwaybuilder-maps,subwaybuilder-maps,135,0,0,0,0,0,0,0,0,0,0,10,1,10,2,8,10,5,4,4,20,8,12,7,5,5,19,5
map,waterloo,Region of Waterloo,Kronifer,Kronifer,https://github.com/Kronifer,kronifer/sb-waterloo-map,sb-waterloo-map,131,33,3,10,6,5,1,3,3,6,2,9,2,9,1,6,7,3,3,2,8,4,0,0,0,0,0,5
map,mfn-madisonwi,Madison,crumpetime,muffintime,https://github.com/crumpetime,crumpetime/sb-maps-msn,sb-maps-msn,130,0,0,0,3,11,9,8,6,7,3,11,10,5,1,7,4,5,5,3,6,5,0,0,0,0,19,2
map,yukina-sendai,仙台 (Sendai),ahkimn,Yukina-,https://subwaybuildermodded.com/credits,ahkimn/subwaybuilder-jp-maps,subwaybuilder-jp-maps,126,27,6,4,3,15,2,0,2,1,0,3,0,2,1,3,4,3,1,5,11,4,0,0,6,2,19,2
map,yukina-nagoya,名古屋 (Nagoya),ahkimn,Yukina-,https://subwaybuildermodded.com/credits,ahkimn/subwaybuilder-jp-maps,subwaybuilder-jp-maps,123,0,0,0,0,0,0,0,0,0,0,0,0,0,0,0,0,0,22,10,19,14,14,7,11,10,12,4
map,warsaw-val,Warsaw,Valdotorium,Valdotorium,https://github.com/Valdotorium,valdotorium/railyard-maps-2,Railyard-Maps-2,117,0,0,0,0,0,0,5,4,7,2,3,2,3,2,3,5,5,4,6,17,10,7,7,3,2,18,2
map,yukina-kitakyushu-shimonoseki,北九州 (Kitakyūshū),ahkimn,Yukina-,https://subwaybuildermodded.com/credits,ahkimn/subwaybuilder-jp-maps,subwaybuilder-jp-maps,117,27,5,4,3,10,7,1,3,1,0,3,1,2,1,2,3,1,4,3,7,4,3,1,2,4,11,4
map,greatertwincities,Greater Twin Cities,DanielD1909,DanielD1909,https://github.com/DanielD1909,danield1909/improvedtwincities,improvedTwinCities,111,0,0,0,0,10,8,8,5,5,5,8,7,7,5,4,5,4,2,2,7,4,0,0,0,0,13,2
map,mfn-hamptonroads,Norfolk,crumpetime,muffintime,https://github.com/crumpetime,crumpetime/sb-maps-orf,sb-maps-orf,110,0,0,2,11,9,4,4,6,3,2,9,6,7,3,4,4,5,0,0,6,5,0,0,0,0,18,2
map,tampa-bay,Tampa Bay,rslurry,slurry,https://github.com/rslurry,rslurry/subwaybuilder-maps,subwaybuilder-maps,110,14,3,2,5,3,3,5,3,4,3,6,1,5,3,2,0,2,0,2,8,5,2,5,5,6,12,1
map,rotterdam-the-hague,Rotterdam-The Hague,ryandicicco,ryandicicco,https://github.com/ryandicicco,ryandicicco/subway-builder-maps,Subway-Builder-Maps,106,0,0,9,11,8,3,2,0,2,0,1,0,5,0,3,4,4,3,1,16,6,5,4,4,3,11,1
map,yukina-matsuyama,松山 (Matsuyama),ahkimn,Yukina-,https://subwaybuildermodded.com/credits,ahkimn/subwaybuilder-jp-maps,subwaybuilder-jp-maps,105,20,4,3,5,9,1,0,0,5,0,0,2,20,1,4,1,1,1,3,5,3,0,0,0,1,16,0
map,greater-kuala-lumpur,Greater Kuala Lumpur,nzh0172,naz,https://github.com/nzh0172,nzh0172/sb-malaysia-map-pack,sb-malaysia-map-pack,101,0,0,0,0,0,0,0,0,7,6,5,6,9,1,8,3,6,5,5,5,2,0,0,0,0,31,2
map,jerusalem,Jerusalem,BarKuperman,BarKuperman,https://github.com/BarKuperman,barkuperman/jerusalem-sb-map,jerusalem-sb-map,101,20,3,4,6,3,2,2,5,2,0,5,2,5,1,4,5,4,1,0,7,1,0,0,0,0,17,2
map,mfn-lasvegas,Las Vegas,crumpetime,muffintime,https://github.com/crumpetime,crumpetime/sb-maps-las,sb-maps-las,98,0,0,0,0,0,0,0,0,0,0,0,0,0,7,8,15,7,5,3,7,7,5,6,5,3,18,2
map,monterrey,Monterrey,rslurry,slurry,https://github.com/rslurry,rslurry/subwaybuilder-maps,subwaybuilder-maps,97,0,0,0,0,0,0,0,0,0,0,0,0,0,0,0,0,0,0,0,0,0,0,0,0,13,52,32
map,bucharest-medium,Bucharest,metatablestudios,metatablestudios,https://github.com/metatablestudios,metatablestudios/subwaybuilder-romania,subwaybuilder-romania,96,0,0,0,0,0,0,0,0,0,0,0,0,0,0,0,0,0,0,0,0,0,19,15,19,15,21,7
map,providence,Providence,soccerjonj,soccerjonj,https://github.com/soccerjonj,soccerjonj/providence,Providence,89,11,2,3,6,7,1,2,2,3,3,5,5,6,0,6,2,2,2,1,3,2,0,0,0,0,12,3
map,yukina-kagoshima-kirishima,鹿児島 (Kagoshima),ahkimn,Yukina-,https://subwaybuildermodded.com/credits,ahkimn/subwaybuilder-jp-maps,subwaybuilder-jp-maps,89,21,5,3,3,9,4,1,3,1,0,1,0,2,1,1,2,2,1,3,5,4,0,0,1,3,12,1
map,colorado-ski-country,Colorado Ski Country,soccerjonj,soccerjonj,https://github.com/soccerjonj,soccerjonj/colorado-ski-country,Colorado-Ski-Country,86,19,2,2,7,1,0,3,5,2,0,7,3,6,0,4,2,3,0,3,2,2,0,0,0,0,13,0
map,cairo,Cairo,ryandicicco,ryandicicco,https://github.com/ryandicicco,ryandicicco/subway-builder-maps,Subway-Builder-Maps,85,0,0,0,0,0,0,0,0,0,0,0,0,0,0,20,5,8,5,4,12,5,5,3,1,4,13,0
map,yukina-niigata,新潟 (Niigata),ahkimn,Yukina-,https://subwaybuildermodded.com/credits,ahkimn/subwaybuilder-jp-maps,subwaybuilder-jp-maps,83,29,5,3,3,9,1,0,0,0,0,0,0,0,0,0,2,3,2,2,4,3,0,0,0,4,10,3
map,yukina-yamagata,山形 (Yamagata),ahkimn,Yukina-,https://subwaybuildermodded.com/credits,ahkimn/subwaybuilder-jp-maps,subwaybuilder-jp-maps,80,21,6,4,3,11,1,0,0,2,0,0,0,1,0,2,1,2,1,5,4,2,0,0,0,2,11,1
map,naples,Naples,Maximilian284,max02,https://github.com/Maximilian284,maximilian284/subwaybuilder-it-maps,subwaybuilder-it-maps,79,0,0,0,0,0,0,0,23,3,0,1,2,2,2,2,7,3,1,3,12,2,2,1,2,2,9,0
map,yukina-kochi,高知 (Kōchi),ahkimn,Yukina-,https://subwaybuildermodded.com/credits,ahkimn/subwaybuilder-jp-maps,subwaybuilder-jp-maps,79,19,3,4,3,10,2,0,0,5,0,0,0,2,2,2,1,3,1,5,3,2,0,0,0,2,10,0
mod,station-dots,Station Dots,nzh0172,naz,https://github.com/nzh0172,nzh0172/sb-station-dots,sb-station-dots,78,0,0,0,0,0,0,0,0,0,0,0,0,0,0,0,0,0,0,0,0,0,0,8,12,10,22,26
map,yukina-hakodate,函館 (Hakodate),ahkimn,Yukina-,https://subwaybuildermodded.com/credits,ahkimn/subwaybuilder-jp-maps,subwaybuilder-jp-maps,78,0,0,0,0,5,7,2,2,2,1,2,1,2,3,1,4,3,2,6,9,2,0,0,1,1,10,12
map,albany,Albany,soccerjonj,soccerjonj,https://github.com/soccerjonj,soccerjonj/albany,Albany,76,0,0,0,0,0,0,0,6,10,2,10,4,7,2,3,3,4,0,0,2,4,0,0,0,0,16,3
map,sacramento,Sacramento,soccerjonj,soccerjonj,https://github.com/soccerjonj,soccerjonj/sacramento,Sacramento,76,10,3,1,7,1,0,2,4,2,0,4,3,5,1,3,4,3,0,1,4,1,0,0,0,0,13,4
map,louisville,Louisville,soccerjonj,soccerjonj,https://github.com/soccerjonj,soccerjonj/louisville,Louisville,72,16,1,2,5,1,0,2,3,2,3,4,2,6,1,3,2,2,1,2,1,2,0,0,0,0,10,1
map,orange-county,Orange County,rslurry,slurry,https://github.com/rslurry,rslurry/subwaybuilder-maps,subwaybuilder-maps,72,15,6,4,7,8,1,0,2,1,0,1,2,1,0,1,1,1,0,0,5,1,0,1,3,1,10,0
map,richmond,Richmond,rslurry,slurry,https://github.com/rslurry,rslurry/subwaybuilder-maps,subwaybuilder-maps,72,17,1,3,4,4,2,2,3,1,0,4,2,2,1,2,0,1,0,2,5,2,0,0,1,1,9,3
map,bari,Bari,Maximilian284,max02,https://github.com/Maximilian284,maximilian284/subwaybuilder-it-maps,subwaybuilder-it-maps,71,0,0,0,0,0,0,0,37,2,0,0,0,0,0,0,1,1,1,3,10,3,1,1,2,1,8,0
map,orlando,Orlando,rslurry,slurry,https://github.com/rslurry,rslurry/subwaybuilder-maps,subwaybuilder-maps,71,0,0,0,0,0,0,0,0,0,0,0,2,6,1,2,4,3,0,1,17,4,3,5,2,5,16,0
map,mfn-northwestar,Northwest Arkansas,crumpetime,muffintime,https://github.com/crumpetime,crumpetime/sb-maps-xna,sb-maps-xna,69,3,4,4,9,3,4,2,2,2,0,2,4,4,1,4,2,2,0,0,3,0,0,0,0,0,13,1
map,yukina-nagasaki,長崎 (Nagasaki),ahkimn,Yukina-,https://subwaybuildermodded.com/credits,ahkimn/subwaybuilder-jp-maps,subwaybuilder-jp-maps,67,0,0,0,0,5,8,1,1,2,0,3,1,1,3,1,3,0,1,6,5,2,0,1,1,3,11,8
map,florence,Florence,Maximilian284,max02,https://github.com/Maximilian284,maximilian284/subwaybuilder-it-maps,subwaybuilder-it-maps,64,8,4,0,6,4,0,0,0,2,0,5,0,1,1,2,5,2,0,3,4,2,0,0,2,1,11,1
map,nashville,Nashville,soccerjonj,soccerjonj,https://github.com/soccerjonj,soccerjonj/nashville,Nashville,64,8,1,0,0,0,0,5,5,2,0,5,2,6,0,3,4,2,2,2,3,2,0,0,0,0,10,2
map,trondheim-val,Trondheim,Valdotorium,Valdotorium,https://github.com/Valdotorium,valdotorium/railyard-maps-2,Railyard-Maps-2,64,0,0,0,0,0,0,4,0,4,0,1,0,2,1,3,3,2,0,6,13,1,0,4,1,5,12,2
map,bologna,Bologna,Maximilian284,max02,https://github.com/Maximilian284,maximilian284/subwaybuilder-it-maps,subwaybuilder-it-maps,60,11,3,1,5,4,0,0,0,0,0,1,0,0,0,1,4,3,0,1,7,2,3,0,2,1,9,2
map,jacksonville,Jacksonville,rslurry,slurry,https://github.com/rslurry,rslurry/subwaybuilder-maps,subwaybuilder-maps,60,18,3,0,5,3,1,1,2,3,0,2,0,2,1,1,0,3,0,0,3,1,0,0,2,1,8,0
map,rochester,Rochester,rslurry,slurry,https://github.com/rslurry,rslurry/subwaybuilder-maps,subwaybuilder-maps,60,13,3,1,6,3,1,1,3,2,0,3,3,1,0,2,0,4,0,2,2,1,0,0,0,1,8,0
map,genoa,Genoa,Maximilian284,max02,https://github.com/Maximilian284,maximilian284/subwaybuilder-it-maps,subwaybuilder-it-maps,59,0,0,0,0,0,0,0,24,2,0,0,0,0,0,2,2,1,1,2,10,2,0,1,2,1,9,0
map,bilbao,Bilbao,Maximilian284,max02,https://github.com/Maximilian284,maximilian284/subwaybuilder-es-maps,subwaybuilder-es-maps,58,0,0,0,0,0,0,0,0,0,0,0,0,0,0,0,0,0,0,0,0,0,19,12,9,6,10,2
map,catania,Catania,Maximilian284,max02,https://github.com/Maximilian284,maximilian284/subwaybuilder-it-maps,subwaybuilder-it-maps,57,0,0,0,0,0,0,0,24,3,0,0,0,0,0,0,1,0,0,1,10,2,2,1,2,1,10,0
map,greater-baltimore,Greater Baltimore,rslurry,slurry,https://github.com/rslurry,rslurry/subwaybuilder-maps,subwaybuilder-maps,57,9,2,0,7,4,0,4,0,2,2,2,1,3,0,2,0,1,1,2,3,0,0,1,1,1,9,0
map,knoxville,Knoxville,rslurry,slurry,https://github.com/rslurry,rslurry/subwaybuilder-maps,subwaybuilder-maps,56,9,2,0,5,4,0,0,0,0,0,0,0,0,0,1,0,1,0,0,2,0,5,6,1,5,14,1
map,turin,Turin,Maximilian284,max02,https://github.com/Maximilian284,maximilian284/subwaybuilder-it-maps,subwaybuilder-it-maps,56,6,3,1,2,2,1,0,1,2,0,2,0,1,1,1,5,3,2,1,6,4,0,0,1,2,8,1
map,san-juan,San Juan,rslurry,slurry,https://github.com/rslurry,rslurry/subwaybuilder-maps,subwaybuilder-maps,55,0,0,0,0,0,0,0,0,0,0,7,4,4,4,1,2,3,1,5,5,2,0,2,2,2,10,1
map,valencia,Valencia,Maximilian284,max02,https://github.com/Maximilian284,maximilian284/subwaybuilder-es-maps,subwaybuilder-es-maps,53,0,0,0,0,0,0,0,0,0,0,0,0,0,0,0,0,0,0,0,0,0,24,9,5,5,10,0
map,spokane,Spokane,ryandicicco,ryandicicco,https://github.com/ryandicicco,ryandicicco/subway-builder-maps,Subway-Builder-Maps,50,0,0,0,0,0,0,0,0,0,0,0,0,0,0,0,0,0,7,12,11,2,5,3,2,2,5,1
map,santa-barbara,Santa Barbara,rslurry,slurry,https://github.com/rslurry,rslurry/subwaybuilder-maps,subwaybuilder-maps,49,0,0,5,6,4,0,0,0,1,1,2,0,2,0,1,2,1,0,2,5,3,0,0,1,3,9,1
map,pianura-veneta,Pianura Veneta,Maximilian284,max02,https://github.com/Maximilian284,maximilian284/subwaybuilder-it-maps,subwaybuilder-it-maps,47,0,0,0,0,0,0,0,0,0,0,0,0,0,2,4,5,4,3,3,5,2,5,2,1,1,8,2
map,yukina-nakaumi,中海 (Nakaumi),ahkimn,Yukina-,https://subwaybuildermodded.com/credits,ahkimn/subwaybuilder-jp-maps,subwaybuilder-jp-maps,47,0,0,0,0,5,5,2,2,2,0,2,0,1,1,1,1,0,1,3,2,2,1,2,1,1,12,0
map,bangkok,Bangkok,nzh0172,naz,https://github.com/nzh0172,nzh0172/sb-bangkok,sb-bangkok,45,0,0,0,0,0,0,0,0,0,0,0,0,0,0,0,0,0,0,0,0,0,0,0,0,0,20,25
map,memphis,Memphis,rslurry,slurry,https://github.com/rslurry,rslurry/subwaybuilder-maps,subwaybuilder-maps,45,8,2,0,6,5,0,0,1,1,0,0,1,1,0,0,0,1,0,2,4,1,0,0,2,2,8,0
map,yukina-toyama,富山 (Toyama),ahkimn,Yukina-,https://subwaybuildermodded.com/credits,ahkimn/subwaybuilder-jp-maps,subwaybuilder-jp-maps,44,0,0,0,0,5,5,2,3,2,1,2,0,1,1,2,1,1,1,3,4,1,0,0,0,0,9,0
map,garda-lake,Garda Lake,Maximilian284,max02,https://github.com/Maximilian284,maximilian284/subwaybuilder-it-maps,subwaybuilder-it-maps,42,0,0,0,0,0,0,0,8,5,0,1,0,0,0,2,3,1,0,2,4,2,0,0,1,2,9,2
map,palermo,Palermo,Maximilian284,max02,https://github.com/Maximilian284,maximilian284/subwaybuilder-it-maps,subwaybuilder-it-maps,41,5,2,1,4,3,0,0,0,2,0,0,0,0,0,0,1,3,1,0,4,3,0,0,0,2,8,2
map,piedmont-triad,Piedmont Triad,PSWBSF,Potato Spaghetti Water Balloon Space Federation,https://youtu.be/dQw4w9WgXcQ?t=0,pswbsf/piedmont-triad,piedmont-triad,37,0,0,0,0,0,0,0,0,0,0,0,0,0,0,0,0,0,8,5,8,1,5,4,1,0,4,1
map,san-antonio,San Antonio,rslurry,slurry,https://github.com/rslurry,rslurry/subwaybuilder-maps,subwaybuilder-maps,34,0,0,0,0,0,0,0,0,0,0,0,0,0,0,0,2,0,0,0,14,1,0,0,3,4,10,0
map,yukina-takamatsu,高松 (Takamatsu),ahkimn,Yukina-,https://subwaybuildermodded.com/credits,ahkimn/subwaybuilder-jp-maps,subwaybuilder-jp-maps,33,0,0,0,0,5,2,0,0,2,0,0,0,0,0,4,2,0,1,2,2,1,0,0,0,0,10,2
map,anchorage-ak,Anchorage,PSWBSF,Potato Spaghetti Water Balloon Space Federation,https://youtu.be/dQw4w9WgXcQ?t=0,pswbsf/anchorage-ak,anchorage-ak,29,0,0,0,0,0,0,0,0,0,0,0,0,0,0,0,0,0,0,0,0,0,0,0,0,7,14,8
map,dayton-oh,Dayton,PSWBSF,Potato Spaghetti Water Balloon Space Federation,https://youtu.be/dQw4w9WgXcQ?t=0,pswbsf/dayton-oh,dayton-oh,29,0,0,0,0,0,0,0,0,0,0,0,0,0,0,0,0,0,0,0,0,4,6,4,4,3,7,1
map,guadalajara,Guadalajara,rslurry,slurry,https://github.com/rslurry,rslurry/subwaybuilder-maps,subwaybuilder-maps,28,0,0,0,0,0,0,0,0,0,0,0,0,0,0,0,0,0,0,0,0,0,0,0,0,0,0,28
map,oklahoma-city,Oklahoma City,ryandicicco,ryandicicco,https://github.com/ryandicicco,ryandicicco/subway-builder-maps,Subway-Builder-Maps,28,0,0,0,0,0,0,0,0,0,0,0,0,0,0,0,0,0,0,0,0,0,6,8,2,5,6,1
map,riviera-romagnola,Riviera Romagnola,Maximilian284,max02,https://github.com/Maximilian284,maximilian284/subwaybuilder-it-maps,subwaybuilder-it-maps,28,0,0,0,0,0,0,0,5,2,0,0,0,0,0,0,1,0,1,0,5,1,0,0,1,2,10,0
map,wilmington-nc,"Wilmington, NC",PSWBSF,Potato Spaghetti Water Balloon Space Federation,https://youtu.be/dQw4w9WgXcQ?t=0,pswbsf/wilmington-nc,wilmington-nc,27,0,0,0,0,0,0,0,0,0,0,0,0,0,0,0,0,0,0,0,0,8,5,3,5,1,4,1
map,daytonatti,Daytonatti,soccerjonj,soccerjonj,https://github.com/soccerjonj,soccerjonj/daytonnati,Daytonnati,26,0,0,0,0,0,0,0,0,0,0,0,0,0,0,0,0,0,0,0,0,0,0,0,7,5,7,7
map,pianura-emiliana,Pianura Emiliana,Maximilian284,max02,https://github.com/Maximilian284,maximilian284/subwaybuilder-it-maps,subwaybuilder-it-maps,25,0,0,0,0,0,0,0,0,0,0,0,0,0,2,3,6,1,0,2,3,0,0,0,0,2,6,0
map,yukina-okayama,岡山 (Okayama),ahkimn,Yukina-,https://subwaybuildermodded.com/credits,ahkimn/subwaybuilder-jp-maps,subwaybuilder-jp-maps,25,0,0,0,0,0,0,0,0,0,0,0,0,1,2,2,5,1,1,2,2,0,0,0,0,2,7,0
map,south-florida,South Florida,kaicardenas0618,Kai,https://subwaybuildermodded.com/credits,kaicardenas0618/subway-builder-sfl,subway-builder-sfl,23,0,0,0,0,0,0,0,0,0,0,0,0,0,0,0,0,0,0,0,0,0,0,0,0,0,12,11
map,yukina-shizuoka-hamamatsu,静岡・浜松 (Shizuoka/Hamamatsu),ahkimn,Yukina-,https://subwaybuildermodded.com/credits,ahkimn/subwaybuilder-jp-maps,subwaybuilder-jp-maps,16,0,0,0,0,0,0,0,0,0,0,0,0,0,0,0,0,0,0,0,0,0,0,0,0,0,8,8
map,pyongyang-nk,Pyongyang,PSWBSF,Potato Spaghetti Water Balloon Space Federation,https://youtu.be/dQw4w9WgXcQ?t=0,pswbsf/pyongyang-nk,pyongyang-nk,13,0,0,0,0,0,0,0,0,0,0,0,0,0,0,0,0,0,0,0,0,0,0,0,0,0,5,8
map,yukina-asahikawa,旭川 (Asahikawa),ahkimn,Yukina-,https://subwaybuildermodded.com/credits,ahkimn/subwaybuilder-jp-maps,subwaybuilder-jp-maps,10,0,0,0,0,0,0,0,0,0,0,0,0,0,0,0,0,0,0,0,0,0,0,0,0,0,5,5
map,yukina-tsugaru,津軽 (Tsugaru),ahkimn,Yukina-,https://subwaybuildermodded.com/credits,ahkimn/subwaybuilder-jp-maps,subwaybuilder-jp-maps,8,0,0,0,0,0,0,0,0,0,0,0,0,0,0,0,0,0,0,0,0,0,0,0,0,0,4,4
map,yukina-nakadoori,中通り (Nakadōri),ahkimn,Yukina-,https://subwaybuildermodded.com/credits,ahkimn/subwaybuilder-jp-maps,subwaybuilder-jp-maps,5,0,0,0,0,0,0,0,0,0,0,0,0,0,0,0,0,0,0,0,0,0,0,0,0,0,3,2
map,charleston-huntington-wv,Charleston-Huntington,PSWBSF,Potato Spaghetti Water Balloon Space Federation,https://youtu.be/dQw4w9WgXcQ?t=0,pswbsf/charleston-huntington-wv,charleston-huntington-wv,0,0,0,0,0,0,0,0,0,0,0,0,0,0,0,0,0,0,0,0,0,0,0,0,0,0,0,0
